x,shallow,deep,res
-2.00000,0.95128,0.14742,0.40744
-1.99600,0.95128,-0.57278,0.46230
-1.99200,0.95128,-0.37579,0.53688
-1.98800,0.95128,-0.53369,0.51894
-1.98400,0.95128,-0.06296,0.48847
-1.98000,0.95128,0.33813,0.65068
-1.97600,0.95128,0.72310,0.61588
-1.97200,0.95128,0.09587,0.61645
-1.96800,0.95128,0.22728,0.47385
-1.96400,0.95128,0.19881,0.53730
-1.96000,0.95128,0.56731,0.58740
-1.95600,0.95128,0.79953,0.56643
-1.95200,0.95128,-0.26801,0.38659
-1.94800,0.95128,-0.74997,0.51145
-1.94400,0.95128,0.42696,0.39145
-1.94000,0.95128,-0.15731,0.49257
-1.93600,0.95128,-0.44793,0.50211
-1.93200,0.95128,-0.44390,0.60775
-1.92800,0.92337,0.22092,0.66081
-1.92400,0.92337,0.47466,0.41336
-1.92000,0.92337,0.24705,0.23559
-1.91600,0.92337,-0.79644,0.29391
-1.91200,0.92337,-0.27324,0.24202
-1.90800,0.92337,-0.56831,0.25813
-1.90400,0.92337,0.08151,0.26992
-1.90000,0.92337,-0.49593,0.10502
-1.89600,0.92337,-0.63192,0.23430
-1.89200,0.92337,0.29478,0.22759
-1.88800,0.92337,-0.08817,0.26776
-1.88400,0.92337,-0.31684,0.31092
-1.88000,0.92337,-0.61133,0.23235
-1.87600,0.92337,0.17229,0.12033
-1.87200,0.92337,-0.15137,0.12858
-1.86800,0.68729,0.21549,0.14556
-1.86400,0.68729,-0.60605,0.23834
-1.86000,0.68729,0.41822,0.30452
-1.85600,0.68729,0.03694,0.04605
-1.85200,0.68729,-0.52546,-0.02867
-1.84800,0.68729,-0.83444,0.04693
-1.84400,0.68729,0.33716,0.14987
-1.84000,0.68729,0.38810,0.05458
-1.83600,0.68729,-0.08240,-0.03618
-1.83200,0.68729,-0.24195,0.09003
-1.82800,0.68729,-0.11722,0.09885
-1.82400,0.68729,0.28440,0.19369
-1.82000,0.67519,-0.00220,0.39731
-1.81600,0.67519,-0.22692,0.72026
-1.81200,0.67519,0.99123,0.56595
-1.80800,0.67519,0.01480,0.57471
-1.80400,0.67519,0.17538,0.61895
-1.80000,0.67519,0.08144,0.57556
-1.79600,0.64367,-0.11341,0.67372
-1.79200,0.64367,-0.71433,0.69804
-1.78800,0.64367,0.15397,0.53598
-1.78400,0.64367,-0.81999,0.48891
-1.78000,0.64367,0.53775,0.68591
-1.77600,0.64367,1.99560,0.49362
-1.77200,0.70829,-0.41878,0.59032
-1.76800,0.70829,0.63383,0.50705
-1.76400,0.70829,-0.78730,0.53505
-1.76000,0.70829,-0.87880,0.58729
-1.75600,0.70829,0.51973,0.64029
-1.75200,0.70829,-0.17594,0.60662
-1.74800,0.70829,0.09095,0.56540
-1.74400,0.70829,-0.48317,0.65027
-1.74000,0.70829,-0.33897,0.77268
-1.73600,0.70829,-0.42020,0.89757
-1.73200,0.70829,0.06748,0.92509
-1.72800,0.70829,-0.78251,0.83064
-1.72400,0.70829,-0.78652,0.92840
-1.72000,0.76450,1.15954,0.86994
-1.71600,0.76450,0.70945,0.87162
-1.71200,0.76450,0.16621,0.71474
-1.70800,0.76450,0.26626,0.34403
-1.70400,0.76450,-1.85233,0.34024
-1.70000,0.76450,0.47773,0.32928
-1.69600,0.76450,-0.18046,0.38788
-1.69200,0.76450,0.45747,0.47063
-1.68800,0.76450,0.12256,0.52099
-1.68400,0.76450,-0.06540,0.44234
-1.68000,0.76450,0.44174,0.51633
-1.67600,0.76450,0.80358,0.64511
-1.67200,0.76450,-1.03179,0.57054
-1.66800,0.76450,-0.76698,0.51068
-1.66400,0.76450,-0.01363,0.45606
-1.66000,0.76450,0.02817,0.47315
-1.65600,0.76450,0.17403,0.35382
-1.65200,0.76450,0.11679,0.35597
-1.64800,0.76450,0.12886,0.50289
-1.64400,0.76450,0.22057,0.58548
-1.64000,0.76450,-0.07397,0.33950
-1.63600,0.76450,0.08177,0.33451
-1.63200,0.76450,0.61457,0.48602
-1.62800,0.76450,0.52948,0.35498
-1.62400,0.76450,-0.43348,0.53746
-1.62000,0.76450,0.46431,0.60676
-1.61600,0.76450,0.13254,0.60354
-1.61200,0.61424,-0.21997,0.64161
-1.60800,0.61424,-0.30045,0.67996
-1.60400,0.70874,0.09452,0.40949
-1.60000,0.70874,-0.59128,0.47965
-1.59600,0.70874,-0.66845,0.29436
-1.59200,0.70874,0.09645,0.44221
-1.58800,0.70874,0.05738,0.38049
-1.58400,0.70874,-0.81048,0.41449
-1.58000,0.70874,-1.51894,0.57694
-1.57600,0.70874,0.94939,0.62131
-1.57200,0.70874,-0.26183,0.67171
-1.56800,0.70874,1.92902,0.69076
-1.56400,0.70874,0.38828,0.68856
-1.56000,0.70874,1.26599,0.45251
-1.55600,0.70874,-0.26474,0.49381
-1.55200,0.70874,0.04228,0.85935
-1.54800,0.70874,-0.08978,0.60402
-1.54400,0.70874,-0.12454,0.54790
-1.54000,0.70874,-0.49933,0.57768
-1.53600,0.70874,-0.40302,1.03145
-1.53200,0.70874,0.72300,1.36823
-1.52800,0.70874,-1.00108,1.30905
-1.52400,0.70874,0.38801,0.81673
-1.52000,0.55308,1.05312,0.74986
-1.51600,0.55308,-2.09585,0.85651
-1.51200,0.55308,0.51231,0.74169
-1.50800,0.55308,0.26936,0.49258
-1.50400,0.55308,-1.12177,0.62647
-1.50000,0.55308,-0.21219,0.53422
-1.49600,0.55308,0.20043,0.13499
-1.49200,0.55308,0.59704,-0.30431
-1.48800,0.55308,-0.76020,-0.76220
-1.48400,0.79218,-0.51099,-1.02172
-1.48000,0.79218,0.82095,-1.02238
-1.47600,0.79218,0.08837,-0.63061
-1.47200,0.79218,-0.18883,-0.49301
-1.46800,0.79218,0.93860,-0.62888
-1.46400,0.79218,-1.31104,-1.00767
-1.46000,0.79218,-0.32778,-0.83274
-1.45600,0.79218,0.20087,-0.91392
-1.45200,0.79218,-0.91004,-0.55296
-1.44800,0.79218,-0.73814,-1.19964
-1.44400,0.79218,0.46292,-1.05140
-1.44000,0.79218,-0.25751,-0.75521
-1.43600,0.79218,-0.29086,-0.64499
-1.43200,0.79218,-0.42449,-0.38736
-1.42800,0.79218,-1.76106,-0.35460
-1.42400,0.82375,0.39748,-0.26523
-1.42000,0.82375,-0.37872,-0.33983
-1.41600,0.47803,1.05385,-0.36834
-1.41200,0.47803,-0.86583,-0.15564
-1.40800,0.47803,1.22188,-0.10546
-1.40400,0.47803,0.33996,0.17695
-1.40000,0.47803,-1.03330,0.11408
-1.39600,0.47803,-0.58143,-0.05936
-1.39200,0.47803,0.22658,0.06672
-1.38800,0.47803,0.55400,-0.04835
-1.38400,0.47803,-0.34823,-0.21347
-1.38000,0.47803,0.34751,-0.19329
-1.37600,0.47803,0.06491,-0.18663
-1.37200,0.47803,-0.64206,-0.16987
-1.36800,0.47803,0.33553,-0.18272
-1.36400,0.47803,-1.69563,-0.06448
-1.36000,0.47803,0.12268,-0.08882
-1.35600,0.47803,-0.21501,0.09753
-1.35200,0.47803,0.82217,-0.02324
-1.34800,0.47803,0.69376,0.20474
-1.34400,0.47803,0.79830,0.34640
-1.34000,0.47803,0.15609,0.22288
-1.33600,0.47803,-0.53075,0.90964
-1.33200,0.47803,-0.67286,1.03885
-1.32800,0.47803,-0.29600,1.04081
-1.32400,0.47803,-0.90993,0.96427
-1.32000,0.47803,0.56530,1.01296
-1.31600,0.47803,0.25222,0.93484
-1.31200,0.47803,-0.05034,1.09569
-1.30800,0.47803,-0.07059,1.38585
-1.30400,0.47803,-0.01579,1.39433
-1.30000,0.53345,-0.30008,1.30887
-1.29600,0.53345,0.53321,1.48123
-1.29200,0.53345,-0.17379,1.24480
-1.28800,0.53345,-1.61709,1.27542
-1.28400,0.53345,0.72726,0.92275
-1.28000,0.53345,0.56679,1.19522
-1.27600,0.53345,0.71394,0.69276
-1.27200,0.53345,1.66500,0.19787
-1.26800,0.53345,-0.58230,-0.03494
-1.26400,0.53345,-1.37592,-0.22439
-1.26000,0.53345,0.72592,-0.25141
-1.25600,0.53345,3.35168,-0.26788
-1.25200,0.53345,-1.47970,-0.41459
-1.24800,0.53345,-0.33382,-0.01600
-1.24400,0.53345,1.12136,0.03982
-1.24000,0.53345,0.08959,0.09829
-1.23600,0.53345,-0.73544,0.28239
-1.23200,0.53345,-0.42374,0.17984
-1.22800,0.53345,0.53284,0.31720
-1.22400,0.53345,0.49884,0.15428
-1.22000,0.53345,0.54130,0.70264
-1.21600,0.53345,0.34635,0.23784
-1.21200,0.53345,0.00880,-0.00991
-1.20800,0.53345,-0.11407,0.19101
-1.20400,0.53345,-0.22403,0.11899
-1.20000,0.53345,0.45818,-0.03960
-1.19600,0.53345,1.56332,0.12476
-1.19200,0.53345,-1.40018,0.13996
-1.18800,0.53345,-0.69828,0.47648
-1.18400,0.53345,0.96826,0.25363
-1.18000,0.53345,1.35383,0.37025
-1.17600,0.53345,-2.80203,0.71812
-1.17200,0.53345,-1.53019,0.20984
-1.16800,0.53345,0.57429,-0.29669
-1.16400,0.53345,-0.18150,-0.31471
-1.16000,0.53345,-2.27015,-0.25103
-1.15600,0.53345,-0.03601,-0.49341
-1.15200,0.53345,-0.07765,-0.57490
-1.14800,0.53345,-0.94300,-0.96805
-1.14400,0.53345,-0.13624,-1.84170
-1.14000,0.53345,-0.23301,-0.87167
-1.13600,0.53345,-0.81599,-0.62740
-1.13200,0.53345,-1.86903,0.01399
-1.12800,0.53345,-0.63364,0.56142
-1.12400,0.53345,2.00856,-0.04744
-1.12000,0.53345,-0.48794,-0.19605
-1.11600,0.53345,0.79548,0.10275
-1.11200,0.53345,1.42798,0.14140
-1.10800,0.53345,-0.68183,-0.19866
-1.10400,0.53345,2.47024,-0.79011
-1.10000,0.53345,0.09575,-0.81164
-1.09600,0.53345,2.05641,-0.70498
-1.09200,0.53345,1.96298,-0.86638
-1.08800,0.53345,1.91275,-0.65455
-1.08400,0.53345,1.23382,-0.30788
-1.08000,0.53345,-2.44601,-0.32124
-1.07600,0.53345,-6.08398,-0.13201
-1.07200,0.53345,1.34566,-0.07334
-1.06800,0.53345,-0.37255,-0.44477
-1.06400,0.46081,-1.42566,-0.49732
-1.06000,0.46081,0.55680,-0.52358
-1.05600,0.46081,1.62881,-0.17429
-1.05200,0.46081,-0.25880,0.47045
-1.04800,0.46081,-1.68964,0.25628
-1.04400,0.46081,-1.71062,0.01838
-1.04000,0.46081,2.28457,0.26461
-1.03600,0.46081,0.52968,-0.92385
-1.03200,0.46081,-0.23703,-0.35087
-1.02800,0.59174,1.60219,0.05651
-1.02400,0.59174,0.32084,0.18854
-1.02000,0.59174,0.18620,0.46026
-1.01600,0.59174,-1.28910,0.89287
-1.01200,0.59174,0.43259,0.59330
-1.00800,0.59174,0.24213,1.10334
-1.00400,0.59174,0.35082,1.03349
-1.00000,0.59174,0.66883,0.55846
-0.99600,0.59174,0.11343,0.49861
-0.99200,0.59174,1.33435,-0.05634
-0.98800,0.59174,-0.20918,-0.23117
-0.98400,0.59174,-0.14830,0.28508
-0.98000,0.59174,1.21828,0.30828
-0.97600,0.59174,-0.39366,0.02108
-0.97200,0.78293,0.24276,-0.02318
-0.96800,0.78293,1.39529,0.31909
-0.96400,0.78293,-0.41976,0.33734
-0.96000,0.78293,1.11699,-0.15137
-0.95600,0.78293,-0.03537,-0.58260
-0.95200,0.78293,-1.73454,-0.49593
-0.94800,0.78293,-1.10721,-0.63187
-0.94400,0.78293,-0.61327,-0.21105
-0.94000,0.30653,0.12014,-0.23642
-0.93600,0.30653,0.36421,-0.03443
-0.93200,0.30653,0.61725,0.16855
-0.92800,0.30653,0.79713,-0.08657
-0.92400,0.30653,-0.42556,-0.00508
-0.92000,0.30653,-0.54897,0.05647
-0.91600,0.30653,0.28716,-0.06870
-0.91200,0.30653,0.50962,-0.04987
-0.90800,0.30653,0.25287,-0.35664
-0.90400,0.30653,-0.45117,-0.34680
-0.90000,0.30653,0.98701,-0.85424
-0.89600,0.30653,-0.49439,-1.16767
-0.89200,0.30653,-0.32122,-1.73459
-0.88800,0.30653,0.83482,-1.69336
-0.88400,0.19050,-0.70733,-1.71143
-0.88000,0.19050,-0.13896,-2.21018
-0.87600,0.19050,0.05178,-1.59857
-0.87200,0.19050,0.39303,-1.14511
-0.86800,0.19050,0.61233,-0.69081
-0.86400,0.19050,-1.56364,-0.40065
-0.86000,0.19050,-0.04056,-1.01330
-0.85600,0.19050,-0.66314,-0.90669
-0.85200,0.19050,-0.31046,-1.05778
-0.84800,0.46195,1.35426,-0.74538
-0.84400,0.46195,-2.19401,-0.74933
-0.84000,0.46195,-0.43149,-0.39456
-0.83600,0.46195,0.05547,-0.50163
-0.83200,0.46195,-1.53240,-0.24725
-0.82800,0.46195,-1.23752,-0.72271
-0.82400,0.46195,-0.29101,-0.79281
-0.82000,0.46195,0.25331,-0.55326
-0.81600,0.46195,0.15776,-0.32874
-0.81200,0.46195,-0.37127,-0.31975
-0.80800,0.46195,0.79004,0.01431
-0.80400,0.46195,-0.84871,0.33799
-0.80000,0.72332,0.19894,0.14666
-0.79600,0.72332,0.25671,0.66405
-0.79200,0.72332,-2.51228,1.08608
-0.78800,0.72332,-0.44097,1.21184
-0.78400,0.72332,-0.97664,-0.49469
-0.78000,0.72332,-0.56501,-0.93679
-0.77600,0.72332,0.72558,-0.93459
-0.77200,0.72332,0.16574,-1.04762
-0.76800,0.72332,0.81966,-1.33714
-0.76400,0.72332,0.60223,-1.38746
-0.76000,0.72332,0.31953,-0.22684
-0.75600,0.73126,-0.99162,-0.77250
-0.75200,0.73126,-0.81497,-0.63842
-0.74800,0.73126,-0.17658,-1.66741
-0.74400,0.73126,1.15807,-1.76760
-0.74000,0.73126,-0.47490,-2.08744
-0.73600,0.73126,0.91941,-1.67215
-0.73200,0.73126,-0.49218,-2.21792
-0.72800,0.73126,0.17324,-2.74250
-0.72400,0.75995,0.10202,-2.32121
-0.72000,0.75995,-0.93053,-1.16561
-0.71600,0.75995,0.69110,-0.96922
-0.71200,0.75995,0.18501,-1.37941
-0.70800,1.00617,0.41005,-1.46413
-0.70400,1.00617,0.85185,-0.98970
-0.70000,0.97960,-1.02320,-0.08673
-0.69600,1.03250,0.77559,-0.15908
-0.69200,1.55531,-0.12145,0.09816
-0.68800,1.55531,-0.08870,-0.29918
-0.68400,1.55531,-0.46369,0.19799
-0.68000,1.55531,0.17962,-0.50445
-0.67600,1.55531,-0.26576,0.20817
-0.67200,1.55531,0.24342,0.46671
-0.66800,1.48345,-0.35001,0.97769
-0.66400,1.48345,0.88616,0.20980
-0.66000,1.48345,0.11135,0.67008
-0.65600,1.48345,1.34903,0.81857
-0.65200,1.48345,-1.30657,0.83911
-0.64800,1.48345,0.84346,0.50249
-0.64400,1.48345,0.52448,0.37352
-0.64000,1.60261,-0.46716,-0.61804
-0.63600,1.60261,0.30835,-1.37720
-0.63200,1.87756,-0.62738,-1.11505
-0.62800,1.87756,0.30884,0.42833
-0.62400,1.87756,0.51599,0.68492
-0.62000,1.87756,0.27359,1.07010
-0.61600,1.87756,-0.67175,1.25043
-0.61200,1.87756,0.88079,1.23364
-0.60800,1.87756,-0.50892,1.17555
-0.60400,1.87756,-0.87746,0.12535
-0.60000,1.82674,0.03050,0.86046
-0.59600,1.82674,0.71432,0.29835
-0.59200,1.82674,0.53969,0.50471
-0.58800,2.12313,-0.25975,-0.28910
-0.58400,2.07435,-0.22426,-0.99951
-0.58000,2.07435,0.18257,-1.42473
-0.57600,2.03076,0.87297,-2.24445
-0.57200,2.06403,-0.97440,-1.95270
-0.56800,2.06403,-0.80070,-1.92851
-0.56400,2.09264,-0.67145,-2.27378
-0.56000,2.09264,2.53050,-1.93164
-0.55600,2.12429,-2.87891,-1.30265
-0.55200,2.12429,1.53433,-1.38420
-0.54800,2.12429,0.05564,-0.47930
-0.54400,1.60739,-1.47144,2.46795
-0.54000,1.60739,0.10796,1.72873
-0.53600,1.60739,0.35008,0.57253
-0.53200,1.60739,-0.85576,1.38265
-0.52800,1.60739,0.49249,0.40607
-0.52400,1.60739,1.23736,-0.34190
-0.52000,1.60739,-0.37055,-0.35392
-0.51600,1.60739,1.15342,-0.52327
-0.51200,1.60739,1.77191,-1.49124
-0.50800,1.60739,0.70471,-2.06792
-0.50400,1.60739,-1.29207,-2.54798
-0.50000,1.60739,-0.24829,-3.13090
-0.49600,1.60739,1.07404,-2.43193
-0.49200,1.60739,-0.81767,-3.17000
-0.48800,1.60739,-1.50014,-2.72391
-0.48400,1.63465,-2.14246,-3.11148
-0.48000,1.63465,-0.12264,-2.63758
-0.47600,1.63465,0.74524,-1.99959
-0.47200,1.63465,0.27061,-1.31467
-0.46800,1.63465,0.61494,-1.53369
-0.46400,1.71536,0.73681,-1.83241
-0.46000,1.71536,-0.38820,-1.72151
-0.45600,1.71536,-2.03680,-2.40173
-0.45200,1.67054,2.71741,-3.56508
-0.44800,1.67054,0.60546,-2.38429
-0.44400,1.67054,0.93735,-2.15044
-0.44000,1.74216,-0.32976,-1.96164
-0.43600,1.74216,0.72545,-0.54469
-0.43200,1.95372,-1.75445,-0.36514
-0.42800,1.95372,1.28193,0.35866
-0.42400,1.95372,-0.43837,0.01792
-0.42000,1.95372,1.17561,0.62971
-0.41600,1.95372,0.53411,-0.48381
-0.41200,1.95372,0.57903,-0.47185
-0.40800,1.95372,-0.62776,-0.40752
-0.40400,1.95372,-0.12230,0.14722
-0.40000,1.95372,0.36706,-0.35619
-0.39600,1.95372,-0.41727,-0.89003
-0.39200,1.95372,1.63138,-0.26367
-0.38800,1.95372,-0.68310,-0.28370
-0.38400,1.35202,1.57555,0.60650
-0.38000,1.35202,-0.57014,0.32470
-0.37600,1.35202,-1.09853,0.94602
-0.37200,1.15028,-0.52161,1.23613
-0.36800,1.15028,-0.81097,1.70074
-0.36400,0.95767,0.20984,1.60187
-0.36000,0.95767,0.07238,1.39344
-0.35600,0.95767,0.34380,1.25404
-0.35200,0.95767,-1.59862,0.70346
-0.34800,0.95767,-1.89583,1.10496
-0.34400,0.95767,-0.67712,1.25133
-0.34000,1.17599,1.38149,1.43921
-0.33600,0.97759,-0.62249,1.14791
-0.33200,0.97759,-0.88175,1.12129
-0.32800,0.97759,-0.47640,1.84732
-0.32400,0.97759,1.28945,1.18697
-0.32000,0.97759,1.89839,0.98817
-0.31600,0.97759,1.23517,0.90215
-0.31200,0.97759,0.24105,1.10846
-0.30800,0.97759,0.88159,1.20879
-0.30400,0.97759,-1.54062,1.47451
-0.30000,0.97759,1.59235,1.71227
-0.29600,1.26311,-1.55787,1.19174
-0.29200,1.26311,0.84347,1.95986
-0.28800,1.26311,0.04627,1.84791
-0.28400,1.26311,0.36877,1.30802
-0.28000,1.65918,-1.75553,1.33598
-0.27600,1.65918,1.22958,1.79502
-0.27200,1.65918,0.44085,2.87329
-0.26800,1.65918,-0.38740,2.76817
-0.26400,1.65918,-1.11491,2.31890
-0.26000,1.65918,-0.25105,2.18961
-0.25600,1.65918,0.14747,1.94406
-0.25200,1.65918,-2.25243,2.66229
-0.24800,1.65918,-1.75468,3.08019
-0.24400,1.65918,0.66573,3.02126
-0.24000,1.65918,-0.48928,3.11144
-0.23600,1.65918,0.06302,3.39318
-0.23200,1.87576,1.04519,2.78003
-0.22800,1.28882,0.07289,2.16299
-0.22400,1.28882,-0.48901,1.37811
-0.22000,1.28882,0.25269,1.56813
-0.21600,1.28882,-0.82458,1.67170
-0.21200,1.28882,-2.36934,0.61581
-0.20800,1.28882,2.39545,0.39571
-0.20400,1.28695,2.22429,0.27957
-0.20000,1.28695,1.20190,-0.91330
-0.19600,1.28695,1.86798,-0.68921
-0.19200,1.28695,1.59246,-1.04369
-0.18800,1.28695,2.11671,-0.66265
-0.18400,1.28695,-2.50612,-0.45192
-0.18000,1.09375,0.12921,0.21876
-0.17600,1.09375,2.37420,0.39822
-0.17200,1.09375,0.99473,0.61288
-0.16800,1.09375,-1.73646,1.36193
-0.16400,1.05562,-1.60663,1.88884
-0.16000,1.05562,-0.16668,2.40873
-0.15600,0.80431,1.25190,3.99409
-0.15200,0.80431,2.17983,4.47634
-0.14800,0.80431,-1.64750,3.95422
-0.14400,0.69989,-1.51867,3.03560
-0.14000,0.69989,-0.39306,2.78685
-0.13600,0.69989,-2.15790,2.90591
-0.13200,0.69989,1.07155,2.98990
-0.12800,0.69989,-1.76183,3.51549
-0.12400,0.31191,-0.00810,2.73834
-0.12000,0.31191,-0.41022,3.59745
-0.11600,0.31191,0.72180,3.08777
-0.11200,0.31191,-0.55370,3.39961
-0.10800,0.31191,-0.90480,2.43192
-0.10400,0.31191,0.16948,1.46702
-0.10000,0.30053,2.34848,1.16019
-0.09600,0.30053,-0.15098,0.51511
-0.09200,0.30053,4.76401,0.55473
-0.08800,0.30053,1.66819,-0.11590
-0.08400,0.30053,-0.21142,-0.34378
-0.08000,0.30053,0.15320,-1.24404
-0.07600,0.30053,0.07789,0.43134
-0.07200,0.30053,-2.39772,-1.10045
-0.06800,0.30053,-0.43274,-0.30233
-0.06400,0.30053,-1.08918,-0.48917
-0.06000,0.30053,-0.54687,-0.02171
-0.05600,0.30053,-0.20683,0.88959
-0.05200,0.29245,-1.12186,0.36017
-0.04800,0.29245,0.28548,1.09927
-0.04400,0.29245,-0.81820,0.18943
-0.04000,0.29245,1.38080,0.44704
-0.03600,0.29245,5.61145,0.53898
-0.03200,0.49829,3.15296,0.94747
-0.02800,0.49829,-0.81501,0.12362
-0.02400,0.49829,0.36094,0.83241
-0.02000,0.49829,-0.99667,0.46629
-0.01600,1.09057,1.74309,-0.06498
-0.01200,1.02694,0.55364,-0.15013
-0.00800,1.02694,0.14521,-0.04537
-0.00400,1.02694,-1.42199,-0.17252
0.00000,1.02694,0.71003,-0.64561
0.00400,1.02694,-0.72983,-2.59958
0.00800,1.02694,1.35011,-3.00925
0.01200,1.02694,0.00372,-3.33265
0.01600,1.02694,0.20018,-3.89092
0.02000,1.12019,-0.33129,-3.32535
0.02400,1.12019,-0.54559,-1.43510
0.02800,1.55077,0.61997,-1.07653
0.03200,1.55077,2.55373,0.15358
0.03600,1.55077,-1.16806,0.28199
0.04000,1.55077,0.84907,0.22279
0.04400,1.55077,-0.31238,-0.80814
0.04800,1.55077,-0.34453,-0.73551
0.05200,1.55077,-1.73006,-0.61501
0.05600,1.48165,1.45108,-2.00406
0.06000,1.48165,0.22088,-0.82831
0.06400,1.48165,-1.03442,-0.10089
0.06800,1.48165,1.38582,-0.23457
0.07200,1.48165,1.36366,-1.20223
0.07600,1.48165,0.11813,-1.34216
0.08000,1.48165,0.50930,-1.94080
0.08400,1.48165,0.56764,-1.46199
0.08800,1.48165,3.14362,-0.52116
0.09200,1.48165,-0.09805,-0.91644
0.09600,1.48165,-0.59574,-1.36134
0.10000,1.48165,0.22038,-0.82466
0.10400,1.48165,2.67872,-0.81578
0.10800,1.48165,-0.64816,-0.39560
0.11200,1.48165,3.20365,0.91189
0.11600,1.48165,0.16458,0.17752
0.12000,1.50601,0.24702,-0.00088
0.12400,1.50601,-0.61529,-0.96975
0.12800,1.50601,-0.32145,-0.51094
0.13200,1.50601,-1.06754,-0.99202
0.13600,1.50601,0.55913,-1.23904
0.14000,1.50601,1.57625,-1.40582
0.14400,1.46017,-0.10948,-1.61045
0.14800,1.46017,0.11775,0.78870
0.15200,1.46017,-2.89509,0.09397
0.15600,1.46017,-0.45110,0.18033
0.16000,1.46017,-0.14380,0.03593
0.16400,1.46017,0.17892,0.16323
0.16800,1.46017,0.25089,0.37579
0.17200,1.46017,-1.54647,0.47147
0.17600,2.09682,-1.40494,0.77203
0.18000,2.09682,0.47395,0.80572
0.18400,2.36599,-0.73604,1.01960
0.18800,2.36599,0.26952,0.56539
0.19200,2.37647,1.65740,0.22118
0.19600,2.37647,-0.43294,-0.44806
0.20000,2.37647,0.61183,0.12592
0.20400,2.37647,0.14775,0.00522
0.20800,2.37647,-1.10373,-0.07072
0.21200,2.28657,0.68227,-0.58299
0.21600,2.28657,-1.77888,-0.28125
0.22000,2.29539,2.47373,-0.21403
0.22400,2.29539,0.46892,-0.44798
0.22800,2.29539,-0.15160,-0.42152
0.23200,2.72123,-0.37196,-0.36498
0.23600,2.52645,-0.49569,0.22892
0.24000,2.52645,-2.68897,0.36891
0.24400,2.52645,0.59279,0.23698
0.24800,2.52645,0.18478,-0.07294
0.25200,2.52645,-1.05004,-0.44883
0.25600,2.52645,2.57542,-0.59514
0.26000,2.52645,-0.89258,-0.32807
0.26400,2.31755,-0.91432,0.16314
0.26800,2.31755,-0.50471,-0.76403
0.27200,2.31755,-1.60656,-0.56875
0.27600,2.31755,1.31147,-0.16880
0.28000,2.31755,1.74520,-0.77924
0.28400,2.49091,-4.06669,-1.15883
0.28800,2.49091,-0.60985,0.12182
0.29200,2.49091,0.81840,-1.03299
0.29600,3.18062,1.38982,-1.35830
0.30000,3.18062,0.14871,-1.34062
0.30400,3.18062,-0.39798,-1.07503
0.30800,3.18062,-0.22030,-1.38664
0.31200,3.18062,0.91702,-1.75758
0.31600,3.18062,1.61232,-1.44142
0.32000,3.18062,-1.95037,-1.41193
0.32400,3.18062,-1.78142,-1.15442
0.32800,3.12438,0.72857,0.05068
0.33200,3.12438,3.15193,-0.41338
0.33600,3.12438,-1.15528,-0.06503
0.34000,3.12438,-0.55054,0.12806
0.34400,3.12438,0.88150,0.03918
0.34800,3.12438,-0.99284,-0.43574
0.35200,3.12438,0.18432,-0.97094
0.35600,3.12438,-1.44578,-0.86321
0.36000,3.12438,0.22189,-0.82996
0.36400,3.12438,0.55457,-0.62942
0.36800,3.12438,-1.01648,-0.36491
0.37200,3.12438,1.32083,0.26208
0.37600,3.12438,2.27486,-0.48380
0.38000,3.12438,1.52693,-0.54357
0.38400,3.12438,0.73676,-0.79690
0.38800,2.78729,-0.38947,-1.23892
0.39200,2.78729,1.17479,-0.24903
0.39600,2.78729,-0.51815,-0.51507
0.40000,3.14943,-0.81805,-2.07659
0.40400,3.14943,-1.06194,-1.69895
0.40800,3.14943,-0.20089,-1.06228
0.41200,2.36299,0.41777,-1.16974
0.41600,2.13269,1.09055,-1.18255
0.42000,2.13269,0.80235,-1.73418
0.42400,2.13269,-1.82728,-3.21114
0.42800,2.13269,-1.33518,-1.52779
0.43200,2.13269,0.27402,-1.76231
0.43600,2.13269,1.26277,-1.48182
0.44000,2.13269,-0.47468,-1.18954
0.44400,2.13269,0.64817,-3.00898
0.44800,2.28949,0.33801,-1.95276
0.45200,2.20950,-1.41629,-1.75482
0.45600,2.20950,-1.01316,-2.14478
0.46000,2.20950,0.56562,-1.78815
0.46400,2.20950,0.67509,-1.86988
0.46800,2.67666,-0.56159,-0.70452
0.47200,2.67666,-0.14604,-0.29648
0.47600,2.67666,0.13364,-0.76081
0.48000,2.67666,0.08119,0.34560
0.48400,2.67666,-1.93279,0.84138
0.48800,2.67666,-1.04641,1.10890
0.49200,2.67666,-1.61237,1.06465
0.49600,2.67666,0.59629,0.82115
0.50000,2.67666,1.61209,0.64149
0.50400,1.95871,0.50662,0.34452
0.50800,1.95871,-3.91355,0.16745
0.51200,1.95871,1.86712,0.22942
0.51600,2.06206,-1.33117,-0.32628
0.52000,2.06206,-0.11045,0.82727
0.52400,2.06206,0.51976,1.16691
0.52800,2.06206,-0.43130,-0.17797
0.53200,2.06206,0.79536,-0.62492
0.53600,2.13978,-0.99938,0.51972
0.54000,2.13978,-0.37364,-0.13504
0.54400,2.13978,0.65909,1.73117
0.54800,2.13978,0.59538,1.26957
0.55200,2.13978,-1.45279,2.45039
0.55600,2.64528,0.36118,3.08327
0.56000,2.64528,0.98752,2.04596
0.56400,2.64528,0.46572,1.20113
0.56800,3.37185,-0.23639,0.47385
0.57200,3.37185,0.26651,-1.06548
0.57600,3.37185,0.26332,-0.31795
0.58000,3.37185,-1.57492,-1.57210
0.58400,3.37185,-0.44155,-0.33198
0.58800,3.37185,-0.20233,-0.12771
0.59200,3.37185,0.68998,1.09281
0.59600,3.50621,-0.20170,0.57073
0.60000,3.50621,-0.19041,1.06344
0.60400,3.50621,0.41967,0.88459
0.60800,3.50621,0.80278,0.24906
0.61200,3.52466,0.50006,0.19544
0.61600,3.04039,-0.90121,-0.36946
0.62000,3.04039,1.10334,0.03341
0.62400,3.04039,0.28243,0.01176
0.62800,3.33539,0.77482,-0.09815
0.63200,3.33539,1.27302,0.09892
0.63600,3.44232,-0.61040,-0.36047
0.64000,3.36562,0.35115,-0.44333
0.64400,3.36562,0.05637,-0.08793
0.64800,3.36562,-1.22683,-0.04766
0.65200,3.36562,-0.29184,-0.53980
0.65600,3.36562,0.38562,-0.22918
0.66000,3.19518,-0.50755,-0.68964
0.66400,3.19518,-0.34222,-1.01755
0.66800,3.19518,-1.03308,-1.38049
0.67200,3.19518,-0.34541,-1.18667
0.67600,3.19518,-0.49159,-1.18618
0.68000,3.19518,0.58840,-1.36775
0.68400,3.19518,0.06634,-0.61965
0.68800,3.19518,1.16237,0.46702
0.69200,3.19518,-0.17339,0.66180
0.69600,3.19518,1.13722,1.26430
0.70000,3.19518,0.80006,0.53757
0.70400,3.19518,-0.27711,0.78184
0.70800,3.19518,1.27618,0.41042
0.71200,3.19518,0.12351,0.06723
0.71600,3.49676,0.89535,0.16911
0.72000,3.49676,-0.56595,-0.39706
0.72400,3.49676,0.45451,-0.52721
0.72800,3.49676,-0.37283,0.86551
0.73200,3.49676,-1.51711,1.00192
0.73600,3.49676,0.34446,-0.56682
0.74000,3.49676,-0.95712,-0.58593
0.74400,3.49676,-0.14716,0.11426
0.74800,3.49676,1.30667,0.92139
0.75200,3.49676,-0.41341,0.51740
0.75600,3.49676,0.36812,0.05740
0.76000,3.49676,-2.15298,0.42899
0.76400,3.49676,2.38580,0.98339
0.76800,3.08542,-1.54845,1.28036
0.77200,3.08542,-0.92804,0.91396
0.77600,3.08395,1.10527,0.55322
0.78000,3.10162,0.14041,-0.44980
0.78400,3.10162,-0.33423,-1.12848
0.78800,3.10162,-2.21047,-1.21047
0.79200,3.10162,0.43105,-0.25728
0.79600,3.10162,-0.31818,0.62085
0.80000,3.03892,1.30196,0.31491
0.80400,3.03892,0.30904,-0.00642
0.80800,3.03892,1.17245,0.32843
0.81200,3.03892,-0.09450,-0.22235
0.81600,3.03892,-0.04285,-0.43472
0.82000,3.03892,0.50279,0.90798
0.82400,3.03892,-1.08936,0.13350
0.82800,3.03892,-0.55146,-0.49792
0.83200,3.03892,0.95258,-0.46775
0.83600,3.03892,-1.36517,-0.28891
0.84000,3.03892,1.14434,-0.57902
0.84400,3.03892,-0.31131,-0.72766
0.84800,3.03892,-0.32693,-0.44960
0.85200,3.03892,-0.07900,-0.49834
0.85600,3.03892,-1.72578,-0.73017
0.86000,3.03892,1.02593,-0.55947
0.86400,3.03892,-0.15749,-0.43382
0.86800,3.03892,0.39088,0.22830
0.87200,3.03892,-0.16066,0.16085
0.87600,3.03892,0.67777,0.45143
0.88000,3.03892,-0.75477,-0.28167
0.88400,3.03892,0.05426,-0.27269
0.88800,3.03892,0.86031,-0.69691
0.89200,3.03892,-0.03069,-0.61018
0.89600,3.03892,0.02896,-0.45832
0.90000,3.03892,-0.66414,-0.87375
0.90400,3.03892,0.21720,-0.68327
0.90800,3.03892,0.20333,-0.05165
0.91200,3.09820,0.49419,0.93287
0.91600,3.09820,-0.38625,0.65691
0.92000,3.09820,1.82804,0.82271
0.92400,3.09820,0.16203,1.28654
0.92800,3.09820,-0.11742,1.25259
0.93200,3.09200,0.77009,0.04591
0.93600,3.20584,0.66956,-1.52858
0.94000,3.09516,0.03592,-2.16957
0.94400,3.09516,1.91887,-0.75409
0.94800,3.09516,-1.58697,-1.09636
0.95200,3.09516,-0.45536,-1.16453
0.95600,3.09516,0.60013,-0.71537
0.96000,3.09516,0.33902,-0.61544
0.96400,3.09516,1.40655,-0.78356
0.96800,3.09516,-3.09101,-0.43016
0.97200,3.09516,-0.11179,-0.32762
0.97600,3.09516,-0.67103,0.02347
0.98000,3.09516,-0.16839,1.04710
0.98400,3.09516,0.84339,1.31715
0.98800,3.09516,-0.83159,-0.15689
0.99200,3.09516,-1.02819,-0.22387
0.99600,3.09516,0.47765,-0.95280
1.00000,3.09516,-1.76076,-0.35580
1.00400,3.09516,-0.05834,-0.13412
1.00800,3.09516,0.05768,0.42137
1.01200,3.09516,-0.39800,0.19255
1.01600,3.16787,0.49880,0.13928
1.02000,3.16787,0.39552,-0.87440
1.02400,3.16787,-0.75083,-0.53681
1.02800,3.03588,-0.75363,0.09088
1.03200,3.28621,0.97628,0.44650
1.03600,3.28621,1.08521,1.07332
1.04000,3.28621,0.06869,1.50807
1.04400,3.28621,0.04070,-0.03267
1.04800,3.28621,-0.62031,-0.16604
1.05200,3.28621,-0.56578,0.30496
1.05600,3.28621,0.21294,-0.39789
1.06000,3.28621,-1.23645,0.00885
1.06400,3.28621,-0.68515,-0.68054
1.06800,3.28621,-1.23258,-0.49528
1.07200,3.28621,0.09873,0.10670
1.07600,3.28621,2.26555,0.30051
1.08000,3.28621,0.01883,-0.32769
1.08400,3.28621,-1.97062,0.08503
1.08800,3.28621,-0.79424,0.45199
1.09200,2.95575,3.09779,0.58403
1.09600,2.95575,1.61491,-0.23640
1.10000,2.95575,-0.19303,-0.89404
1.10400,2.95575,-0.44161,-0.91851
1.10800,2.95575,0.07414,-0.88445
1.11200,2.95575,0.76080,-0.65588
1.11600,2.95575,-0.46754,-0.01194
1.12000,2.95575,0.48728,1.23272
1.12400,2.95575,0.35119,1.18771
1.12800,2.95575,0.23032,1.34949
1.13200,2.95575,-0.54486,0.61548
1.13600,2.95575,-0.74607,0.55966
1.14000,2.95575,-0.27674,1.08355
1.14400,2.95575,0.48516,0.77804
1.14800,2.95575,-0.17413,1.18692
1.15200,2.95575,-0.41801,1.05301
1.15600,2.95575,-0.11767,0.77095
1.16000,2.95575,0.06614,0.96071
1.16400,2.95575,1.96481,0.51737
1.16800,2.95575,0.43157,0.04567
1.17200,2.95575,-0.03478,-0.64134
1.17600,2.95575,-0.00002,-1.06195
1.18000,2.95575,0.12036,-1.14950
1.18400,2.95575,0.81708,-0.74994
1.18800,2.95575,-0.91564,-0.20220
1.19200,2.95575,-0.21848,-0.40378
1.19600,2.95575,-0.93865,-0.25066
1.20000,2.95575,-0.81554,-0.31055
1.20400,2.95575,1.04168,-1.05689
1.20800,2.95575,0.33784,-0.73627
1.21200,2.95575,0.60092,-0.17574
1.21600,2.95575,-0.47148,0.82023
1.22000,2.95575,-1.43979,0.41549
1.22400,2.93018,-0.41482,0.18939
1.22800,2.93018,-0.01576,0.86751
1.23200,2.93018,-0.69889,0.51828
1.23600,2.93018,-0.05253,0.84841
1.24000,2.93018,-1.03633,0.87047
1.24400,2.57751,0.64229,0.30299
1.24800,2.57751,0.00829,0.20585
1.25200,2.57751,-0.83047,-0.02479
1.25600,2.57751,-0.74540,-0.02402
1.26000,2.57751,1.63521,0.06827
1.26400,2.57751,0.73685,-0.51972
1.26800,2.57751,-0.06382,-0.46392
1.27200,2.57751,0.10782,-1.01894
1.27600,2.57751,0.44944,0.05096
1.28000,2.57751,0.68768,0.19154
1.28400,2.57751,-0.32838,-0.19810
1.28800,2.57751,0.76404,-0.38897
1.29200,2.57751,-1.05074,0.42413
1.29600,2.57751,0.08437,0.35990
1.30000,2.57751,-1.73987,0.16943
1.30400,2.57751,0.11135,0.33884
1.30800,2.57751,-1.02033,0.48393
1.31200,2.57751,-1.10012,0.33914
1.31600,2.57751,0.04638,0.57566
1.32000,2.66577,-0.50729,0.31442
1.32400,2.66577,-0.65420,0.37753
1.32800,2.66577,0.47690,0.49720
1.33200,2.66577,-1.30989,0.16854
1.33600,2.66577,0.01642,0.14488
1.34000,2.66577,-0.45105,-0.03704
1.34400,2.66577,1.20507,-0.08830
1.34800,2.66577,0.86667,-0.26958
1.35200,2.44140,0.24625,-0.34843
1.35600,2.44140,-0.74370,-0.55074
1.36000,2.44140,0.19668,-0.13603
1.36400,2.44140,0.90262,-0.33561
1.36800,2.73067,-0.93778,-0.34902
1.37200,2.73067,-0.53842,-0.32404
1.37600,2.73067,-0.24933,-0.67480
1.38000,2.73067,-0.26224,-0.47214
1.38400,2.73067,0.35303,-0.52094
1.38800,2.17114,0.69257,-0.85520
1.39200,2.17114,-0.18264,-0.80825
1.39600,2.17114,-0.11423,-0.41801
1.40000,2.17114,-0.69105,0.03267
1.40400,2.15344,0.00900,-0.21005
1.40800,2.15344,0.64977,-0.07675
1.41200,2.15344,-1.12820,-0.48994
1.41600,2.12893,1.01990,-0.40256
1.42000,2.12893,-1.07097,-0.13909
1.42400,2.12893,-0.28056,-0.66129
1.42800,2.12893,0.07647,-0.40131
1.43200,2.12893,0.25181,-0.19285
1.43600,2.12893,-0.25949,0.17040
1.44000,2.12893,0.14021,-0.13587
1.44400,2.12893,0.96081,-0.00866
1.44800,2.12893,0.63405,0.11795
1.45200,2.12893,-0.36526,0.49309
1.45600,2.14882,0.07767,0.08626
1.46000,2.14882,0.00534,0.07166
1.46400,2.14882,0.02329,0.37548
1.46800,2.14882,0.40681,0.47473
1.47200,2.14882,0.72213,0.34688
1.47600,2.65078,-0.56771,0.58867
1.48000,2.67577,-0.23692,0.48591
1.48400,2.67577,-0.53347,0.89256
1.48800,2.67577,-0.62767,1.06822
1.49200,2.67577,-0.77462,0.78566
1.49600,2.67577,1.13217,0.91459
1.50000,2.67577,-0.28174,1.12021
1.50400,2.67577,0.03387,1.33194
1.50800,2.48498,0.88124,0.93484
1.51200,2.48498,-0.17344,1.28247
1.51600,2.48498,-0.36298,0.83057
1.52000,2.48498,0.55929,0.51585
1.52400,2.48498,-0.09121,0.56165
1.52800,2.48498,0.64772,0.42142
1.53200,2.48498,0.38020,0.56628
1.53600,2.48498,0.20080,0.52743
1.54000,2.48498,-0.61340,0.48615
1.54400,2.48498,-0.39235,0.56884
1.54800,2.48498,-0.36987,0.40527
1.55200,2.48498,1.55074,0.52041
1.55600,2.38325,0.76582,0.50834
1.56000,2.38325,-0.33923,0.28210
1.56400,2.38325,0.32569,0.06502
1.56800,2.38325,-0.02589,0.23239
1.57200,2.38325,1.23368,0.15955
1.57600,2.38325,-0.60020,0.06411
1.58000,2.38325,0.35850,0.09681
1.58400,2.38325,-0.19015,0.02390
1.58800,2.38325,1.17742,-0.23316
1.59200,2.38325,0.99494,-0.43122
1.59600,2.38325,-0.08207,-0.50445
1.60000,2.38325,0.00558,-0.53480
1.60400,2.38325,0.53124,-0.31266
1.60800,2.38325,-0.52461,-0.29115
1.61200,2.38325,0.12194,-0.48762
1.61600,2.38325,-0.28722,-0.54621
1.62000,2.38325,-0.81747,-0.58939
1.62400,2.38325,0.06963,-0.63588
1.62800,2.38325,0.16794,-0.42638
1.63200,2.38325,-1.13275,-0.44091
1.63600,2.38325,1.26559,-0.23724
1.64000,2.38325,0.11069,-0.03866
1.64400,2.38325,0.32341,-0.03304
1.64800,2.38325,-0.19784,0.06230
1.65200,2.38325,0.26620,0.32526
1.65600,2.38325,0.29241,0.18961
1.66000,2.38325,-0.38769,0.23841
1.66400,2.38325,-1.24005,0.06791
1.66800,2.38325,0.92555,0.15168
1.67200,2.38325,0.61392,0.13113
1.67600,2.38325,-1.85510,0.15588
1.68000,2.38325,0.11815,0.37782
1.68400,2.38325,0.49148,0.33311
1.68800,2.38325,-0.16107,0.16335
1.69200,2.38325,0.45141,0.66602
1.69600,2.38325,-0.91919,0.85173
1.70000,2.38325,-0.54604,0.81247
1.70400,2.38325,-0.07207,0.58154
1.70800,2.38325,-0.30172,0.43625
1.71200,2.38325,-0.58864,0.30005
1.71600,2.38325,0.82801,0.32739
1.72000,2.38325,-1.11563,0.34044
1.72400,2.38325,0.64772,0.51108
1.72800,2.38325,0.43364,0.50845
1.73200,2.38325,-1.40275,0.46591
1.73600,2.38325,-0.35199,0.22696
1.74000,2.38325,0.21341,0.02188
1.74400,2.38325,0.80274,0.23035
1.74800,2.38325,-0.03686,0.16941
1.75200,2.38325,-0.26084,0.09264
1.75600,2.38325,-0.15867,0.08069
1.76000,2.38325,-0.79661,-0.01465
1.76400,2.38325,0.36923,-0.06890
1.76800,2.38325,-1.80774,-0.08723
1.77200,2.38325,1.36445,-0.10382
1.77600,2.38325,2.20546,-0.28846
1.78000,2.38325,-0.10412,-0.23549
1.78400,2.38325,-0.38484,-0.30537
1.78800,2.27583,2.11394,-0.32729
1.79200,2.27583,-0.46143,-0.31116
1.79600,2.27583,-0.05376,-0.42457
1.80000,2.27583,0.11740,-0.21151
1.80400,2.27583,0.42319,-0.37824
1.80800,2.27583,0.10608,-0.52452
1.81200,2.26671,-0.08443,-0.37034
1.81600,2.26671,-0.43291,-0.49845
1.82000,2.26671,-0.55441,-0.59406
1.82400,2.26671,-0.21201,-0.61825
1.82800,2.26671,0.31034,-0.47970
1.83200,2.26671,-0.67267,-0.51747
1.83600,2.26671,0.29500,-0.58704
1.84000,2.26671,-0.29590,-0.63659
1.84400,2.15672,-0.12796,-0.83201
1.84800,2.15672,0.22613,-0.73878
1.85200,2.15672,0.57670,-0.73149
1.85600,2.15672,0.57149,-0.73751
1.86000,2.15672,0.16710,-0.81128
1.86400,2.15672,-0.47016,-0.84653
1.86800,2.15672,0.05098,-0.97986
1.87200,2.15672,-0.40682,-0.97007
1.87600,2.15672,1.49948,-0.83446
1.88000,2.20571,-0.21784,-0.72339
1.88400,2.20571,-0.05302,-0.64342
1.88800,2.20571,-0.67109,-0.71900
1.89200,2.20571,0.48681,-0.67143
1.89600,2.20571,-0.19719,-0.55036
1.90000,2.20571,0.16463,-0.49246
1.90400,2.20571,-0.17858,-0.44009
1.90800,2.20571,0.72068,-0.31925
1.91200,2.20571,-0.24708,-0.32378
1.91600,2.20571,-0.17350,-0.33637
1.92000,2.20571,0.31011,-0.35341
1.92400,2.20571,1.48385,-0.31327
1.92800,2.20571,0.35821,-0.47728
1.93200,2.20571,0.11797,-0.48182
1.93600,2.20571,0.29370,-0.49731
1.94000,2.20571,-1.23209,-0.48703
1.94400,2.20571,0.34844,-0.50420
1.94800,2.20571,0.24636,-0.44293
1.95200,2.20571,-0.12037,-0.29032
1.95600,2.20571,-0.37320,-0.38366
1.96000,2.20571,-0.13073,-0.33643
1.96400,2.20571,-0.73969,-0.43167
1.96800,2.20571,0.17298,-0.42745
1.97200,2.20571,-0.30816,-0.40734
1.97600,2.20571,0.01688,-0.46892
1.98000,2.20571,-0.57868,-0.27524
1.98400,2.20571,0.17940,-0.24500
1.98800,2.20571,-1.10736,-0.37549
1.99200,2.20571,-0.87450,-0.39196
1.99600,2.20571,0.01754,-0.50600
2.00000,2.20571,-0.48725,-0.37399
