dist,shallow,deep,res
0.00020,0.99964,0.80592,0.99482
0.00040,0.99928,0.65044,0.98980
0.00060,0.99892,0.52326,0.98479
0.00080,0.99856,0.41807,0.97982
0.00100,0.99820,0.33123,0.97488
0.00120,0.99784,0.25929,0.96999
0.00140,0.99748,0.19966,0.96512
0.00180,0.99676,0.11142,0.95552
0.00220,0.99606,0.05065,0.94611
0.00280,0.99499,-0.00481,0.93226
0.00340,0.99392,-0.03607,0.91869
0.00420,0.99249,-0.06309,0.90077
0.00520,0.99073,-0.07294,0.87886
0.00660,0.98829,-0.07039,0.84901
0.00820,0.98555,-0.05377,0.81633
0.01020,0.98214,-0.04289,0.77687
0.01260,0.97797,-0.02982,0.73179
0.01580,0.97244,-0.01682,0.67600
0.01960,0.96597,-0.00928,0.61720
0.02440,0.95817,-0.00551,0.55253
0.03040,0.94894,-0.00599,0.47817
0.03780,0.93778,-0.00673,0.40209
0.04700,0.92413,-0.00531,0.31677
0.05840,0.90773,0.00076,0.23710
0.07280,0.88696,0.00815,0.16627
0.09060,0.86020,0.00677,0.08996
0.11260,0.82885,0.00598,0.03626
0.14000,0.79832,0.00441,0.00049
0.17420,0.75627,0.00034,-0.03862
0.21680,0.70669,0.00035,-0.03981
0.26980,0.64965,0.00380,0.00570
0.33560,0.58993,-0.00005,-0.03911
0.41740,0.53382,-0.00841,-0.03979
0.51940,0.46891,-0.00781,-0.00052
0.64620,0.37147,0.00363,-0.02470
0.80380,0.24371,0.00043,0.00484
1.00000,0.06309,-0.00905,-0.02794
